{"cameraMode":{"drawMode":0,"name":"Shaded","section":"Shading Mode"},"sceneLighting":true,"audioPlay":false,"sceneViewState":{"m_AlwaysRefresh":false,"showFog":true,"showSkybox":true,"showFlares":true,"showImageEffects":true,"showParticleSystems":true,"showVisualEffectGraphs":true,"m_FxEnabled":true},"in2DMode":false,"pivot":{"x":-0.13545282185077668,"y":1.139416217803955,"z":0.7800335884094238},"rotation":{"x":-0.08419924229383469,"y":-0.015845566987991334,"z":0.0013393160188570619,"w":-0.9963235259056091},"size":21.90013885498047,"orthographic":false}